batch_id,year,province_clean,season,cultivar,hot_water_treated,hwt_temp_c,hwt_duration_min,starting_wt_kg,price_packinghouse_php_kg,phys_kg_batch,path_kg_batch,loss_phys_batch_pct,loss_path_batch_pct,loss_phys_php,loss_path_php
MB2023-001,2023,Pangasinan,Dry,Carabao,Yes,53.3,8.0,284.2,75.64,15.608979999999999,12.02074,5.492251935256861,4.2296762843068265,1180.6632472,909.2487736
MB2023-002,2023,Pangasinan,Dry,Carabao,No,,,376.6,79.14,34.249390000000005,18.27357,9.094368029739778,4.85224907063197,2710.4967246000006,1446.1703298
MB2023-003,2023,Pangasinan,Dry,Carabao,No,,,382.6,67.15,28.833509999999997,25.79949,7.536202300052272,6.74320177731312,1936.1701965,1732.4357535000001
MB2023-004,2023,Pangasinan,Dry,Carabao,No,,,302.5,78.03,24.87648,19.62081,8.223629752066115,6.486218181818182,1941.1117344000002,1531.0118043
MB2023-005,2023,Pangasinan,Wet,Carabao,No,,,289.5,133.28,20.27955,28.906580000000005,7.005025906735751,9.985001727115717,2702.858424,3852.668982400001
MB2023-006,2023,Pangasinan,Wet,Carabao,No,,,369.9,125.38,26.558429999999998,31.3201,7.179894566098946,8.467180319005136,3329.8959533999996,3926.9141379999996
MB2023-007,2023,Pangasinan,Wet,Carabao,Yes,53.1,6.0,403.8,131.05,20.75798,30.972320000000003,5.14065874195146,7.6702129767211495,2720.3332790000004,4058.922536000001
MB2023-008,2023,Pangasinan,Wet,Carabao,No,,,272.0,131.57,19.084000000000003,26.2208,7.016176470588237,9.64,2510.8818800000004,3449.870656
MB2023-009,2023,Zamboanga del Norte,Dry,Carabao,No,,,240.9,73.08,17.44334,11.655000000000001,7.24090493980905,4.838107098381071,1274.7592872,851.7474000000001
MB2023-010,2023,Zamboanga del Norte,Dry,Carabao,Yes,52.6,7.0,445.2,72.61,19.19692,4.910900000000001,4.311976639712489,1.1030772686433066,1393.8883612,356.58044900000004
MB2023-011,2023,Zamboanga del Norte,Dry,Carabao,No,,,340.1,73.75,24.817840000000004,23.53862,7.297218465157307,6.921087915319024,1830.3157000000003,1735.9732250000002
MB2023-012,2023,Zamboanga del Norte,Dry,Carabao,No,,,336.1,76.43,22.78147,16.446649999999998,6.778182088664088,4.89337994644451,1741.1877521000001,1257.0174595
MB2023-013,2023,Zamboanga del Norte,Wet,Carabao,No,,,261.4,134.99,17.08924,27.282149999999994,6.537582249426167,10.436935730680947,2306.8765076,3682.8174284999996
MB2023-014,2023,Zamboanga del Norte,Wet,Carabao,No,,,289.4,137.4,20.465849999999996,31.836329999999997,7.071821008984104,11.000805114029024,2812.0077899999997,4374.311742
MB2023-015,2023,Zamboanga del Norte,Wet,Carabao,No,,,441.1,132.87,31.78024,36.75739,7.204769893448197,8.333119474042167,4222.6404888,4883.9544093
MB2023-016,2023,Zamboanga del Norte,Wet,Carabao,No,,,458.0,133.82,36.184799999999996,43.0051,7.900611353711789,9.389759825327511,4842.249935999999,5754.9424819999995
MB2023-017,2023,Cebu,Dry,Carabao,No,,,341.0,72.12,22.74076,14.480720000000002,6.66884457478006,4.246545454545455,1640.0636112000002,1044.3495264000003
MB2023-018,2023,Cebu,Dry,Carabao,No,,,414.0,74.02,24.58976,21.34148,5.939555555555555,5.154946859903382,1820.1340351999997,1579.6963496
MB2023-019,2023,Cebu,Dry,Carabao,No,,,269.4,74.85,22.780269999999998,16.49142,8.455927988121752,6.121536748329622,1705.1032094999998,1234.382787
MB2023-020,2023,Cebu,Dry,Carabao,No,,,277.3,80.33,21.23377,15.55488,7.657327803822575,5.6094049765596825,1705.7087440999999,1249.5235104
MB2023-021,2023,Cebu,Wet,Carabao,No,,,414.1,136.25,27.87267,35.77366000000001,6.73090316348708,8.638893986959673,3797.6512875,4874.161175000001
MB2023-022,2023,Cebu,Wet,Carabao,No,,,368.9,127.62,28.2697,32.61896,7.663242071021957,8.842222824613717,3607.7791140000004,4162.8316752
MB2023-023,2023,Cebu,Wet,Carabao,No,,,205.5,139.55,13.67737,19.08318,6.655654501216544,9.28621897810219,1908.6769835000002,2663.057769
MB2023-024,2023,Cebu,Wet,Carabao,Yes,53.9,10.0,287.8,135.97,13.5993,18.710099999999997,4.725260597637248,6.501077136900624,1849.0968209999999,2544.0122969999998
MB2024-001,2024,Pangasinan,Dry,Carabao,Yes,54.6,6.0,264.7,83.55,12.700779999999998,6.03913,4.798179070646014,2.281499811106914,1061.1501689999998,504.56931149999997
MB2024-002,2024,Pangasinan,Dry,Carabao,No,,,455.4,84.46,31.43934,21.94632,6.903675889328063,4.819130434782609,2655.3666564,1853.5861871999998
MB2024-003,2024,Pangasinan,Dry,Carabao,Yes,52.5,8.0,360.2,75.94,22.228450000000002,2.37605,6.171141032759579,0.6596474181010551,1688.028493,180.437237
MB2024-004,2024,Pangasinan,Dry,Carabao,No,,,214.6,78.22,17.165660000000003,12.7495,7.998909599254428,5.941053122087605,1342.6979252,997.2658899999999
MB2024-005,2024,Pangasinan,Wet,Carabao,Yes,53.6,10.0,231.3,134.02,13.21967,16.796709999999997,5.715378296584523,7.261872027669691,1771.7001734000003,2251.0950742
MB2024-006,2024,Pangasinan,Wet,Carabao,No,,,237.8,145.27,17.23152,22.37096,7.246223717409587,9.407468460891504,2503.2229104000003,3249.8293592000005
MB2024-007,2024,Pangasinan,Wet,Carabao,Yes,52.3,7.0,252.0,145.41,12.15147,15.709610000000001,4.822011904761904,6.2339722222222225,1766.9452526999999,2284.3343901000003
MB2024-008,2024,Pangasinan,Wet,Carabao,No,,,317.7,131.36,21.28089,27.846359999999997,6.698423040604344,8.76498583569405,2795.4577104,3657.8978496
MB2024-009,2024,Zamboanga del Norte,Dry,Carabao,Yes,53.7,10.0,301.2,84.6,13.356840000000002,7.01062,4.434541832669323,2.327563081009296,1129.988664,593.098452
MB2024-010,2024,Zamboanga del Norte,Dry,Carabao,No,,,322.3,87.3,23.6488,13.051820000000001,7.337511635122556,4.049587340986658,2064.5402400000003,1139.423886
MB2024-011,2024,Zamboanga del Norte,Dry,Carabao,Yes,53.0,6.0,411.3,73.71,22.16617,7.85336,5.389294918550936,1.9093994651106247,1633.8683907,578.8711655999999
MB2024-012,2024,Zamboanga del Norte,Dry,Carabao,No,,,251.1,77.88,18.360049999999998,14.35479,7.31184786937475,5.716762246117084,1429.8806939999997,1117.9510452
MB2024-013,2024,Zamboanga del Norte,Wet,Carabao,Yes,52.7,6.0,235.5,137.99,13.36465,16.88495,5.675010615711253,7.169830148619957,1844.1880535,2329.9542505
MB2024-014,2024,Zamboanga del Norte,Wet,Carabao,No,,,296.5,136.51,21.85705,31.612699999999997,7.371686340640809,10.661956155143336,2983.7058954999998,4315.449677
MB2024-015,2024,Zamboanga del Norte,Wet,Carabao,Yes,55.0,5.0,390.0,131.33,17.88759,24.302639999999997,4.586561538461539,6.231446153846153,2349.1771947,3191.6657112
MB2024-016,2024,Zamboanga del Norte,Wet,Carabao,No,,,351.3,150.15,27.16433,30.88676,7.732516367776829,8.792132080842583,4078.7241495000003,4637.647014
MB2024-017,2024,Cebu,Dry,Carabao,Yes,52.4,9.0,278.5,84.14,12.80911,5.903860000000001,4.599321364452424,2.1198779174147218,1077.7585154,496.75078040000005
MB2024-018,2024,Cebu,Dry,Carabao,No,,,344.0,75.61,26.504720000000002,21.06109,7.70486046511628,6.1224098837209295,2004.0218792000003,1592.4290149
MB2024-019,2024,Cebu,Dry,Carabao,Yes,53.9,5.0,268.7,73.86,11.500589999999999,9.927959999999999,4.280085597320431,3.6948120580573125,849.4335773999999,733.2791255999999
MB2024-020,2024,Cebu,Dry,Carabao,No,,,343.2,78.12,29.510799999999996,19.41555,8.598717948717947,5.657211538461539,2305.383696,1516.742766
MB2024-021,2024,Cebu,Wet,Carabao,Yes,52.2,5.0,338.8,138.46,12.256680000000001,22.0961,3.617674144037781,6.521871310507674,1697.0599128000003,3059.426006
MB2024-022,2024,Cebu,Wet,Carabao,No,,,226.4,145.54,16.99096,23.247500000000002,7.504840989399293,10.26833038869258,2472.8643184000002,3383.44115
MB2024-023,2024,Cebu,Wet,Carabao,Yes,53.5,5.0,262.4,141.21,14.86004,14.7026,5.663125,5.603125,2098.3862484,2076.1541460000003
MB2024-024,2024,Cebu,Wet,Carabao,No,,,253.0,142.76,20.603440000000003,25.951860000000003,8.143652173913045,10.257652173913046,2941.3470944,3704.8875336
